user_id,load_video,pause_video,play_video,seek_video,speed_change_video,stop_video
0,2,1,4,1,0,1
1,6,14,14,0,0,1
2,1,0,0,0,0,0
3,2,2,2,0,0,1
4,1,3,22,18,0,0
5,4,1,5,9,0,1
6,1,5,9,6,1,1
7,2,1,18,16,0,0
8,3,7,9,2,0,1
9,1,1,1,0,0,0
10,1,32,33,1,0,1
11,1,0,1,0,0,1
12,2,0,0,0,0,0
13,8,18,23,13,0,6
14,4,0,0,1,0,0
15,4,0,6,10,0,1
16,3,0,0,0,0,0
17,6,10,16,4,0,3
18,5,1,2,0,0,1
19,1,1,106,1,0,1
20,2,0,5,7,0,3
21,4,0,0,0,0,0
22,1,2,5,1,0,2
23,1,0,1,16,0,0
24,3,44,45,0,0,1
25,2,2,14,11,0,0
26,3,7,8,0,0,1
27,1,9,11,1,0,1
28,2,0,1,0,0,1
29,1,4,11,6,4,1
30,1,0,33,32,0,1
31,1,7,19,21,0,1
32,1,3,5,1,0,1
33,1,5,6,0,0,1
34,3,3,37,33,0,1
35,6,8,44,32,0,3
36,1,0,1,0,2,1
37,7,9,15,1,0,1
38,1,0,8,7,0,0
39,1,2,4,0,0,1
40,1,2,3,0,0,1
41,3,0,4,2,0,0
42,1,1,3,2,0,1
43,1,6,10,2,0,3
44,1,17,23,7,1,1
45,1,0,6,5,0,1
46,6,10,21,45,0,1
47,1,3,3,0,0,1
48,1,0,12,11,0,0
49,1,1,3,1,1,1
50,1,1,2,0,0,0
51,3,3,6,3,0,1
52,3,2,2,0,0,1
53,1,1,1,0,0,1
54,2,1,2,0,0,1
55,2,2,3,0,0,1
56,9,2,2,0,0,0
57,2,2,24,20,0,1
58,1,2,5,2,1,1
59,5,0,0,0,0,0
60,2,0,1,0,0,0
61,14,40,54,25,0,0
62,3,13,14,0,5,1
63,1,1,2,0,0,1
64,5,14,25,18,0,1
65,2,2,12,9,0,0
66,1,30,2,15,0,1
67,3,3,4,0,0,1
68,5,6,21,17,0,2
69,2,1,3,2,0,1
70,2,1,1,0,0,0
71,1,0,5,4,0,0
72,1,0,1,0,0,0
73,1,1,4,2,0,1
74,1,1,6,4,0,1
75,2,6,6,0,0,1
76,2,5,6,3,0,1
77,5,12,19,1,0,1
78,4,7,17,9,2,1
79,4,4,4,0,0,1
80,1,12,30,18,0,1
81,1,0,11,10,0,0
82,1,1,3,4,0,1
83,3,0,29,29,0,1
84,5,4,7,0,0,4
85,1,5,24,18,0,1
86,4,11,32,20,0,1
87,1,4,6,2,1,1
88,2,5,6,0,0,0
89,3,6,21,15,1,1
90,2,1,2,44,0,1
91,3,1,3,0,0,1
92,4,5,7,0,1,0
93,2,5,18,9,4,1
94,1,14,15,4,0,1
95,5,5,13,26,0,1
96,1,5,11,5,0,1
97,2,2,14,14,0,0
98,1,13,20,7,0,1
99,4,0,1,0,0,1
100,3,12,13,0,0,1
101,3,0,2,1,0,1
102,1,1,3,0,0,1
103,1,0,4,3,2,1
104,2,1,5,3,1,1
105,1,3,4,0,0,1
106,2,7,10,1,0,2
107,2,1,6,0,0,1
108,1,0,3,2,0,1
109,4,0,1,0,0,0
110,3,3,10,6,1,1
111,1,1,5,2,0,1
112,2,0,2,0,0,1
113,2,6,2,14,0,0
114,1,7,7,0,0,1
115,1,0,6,5,0,0
116,1,10,16,5,0,1
117,1,0,3,2,1,0
118,3,0,1,0,0,1
119,2,1,12,10,0,0
120,8,12,47,32,0,5
121,2,6,7,0,0,1
122,2,7,12,5,0,1
123,6,8,5,8,0,1
124,1,3,6,2,0,0
125,2,5,8,19,0,1
126,1,3,4,12,0,1
127,1,1,2,1,0,1
128,2,3,4,9,0,0
129,1,1,4,0,0,0
130,2,8,21,13,0,0
131,1,3,7,3,0,1
132,3,0,4,3,0,1
133,5,8,23,2,0,1
134,1,4,4,0,0,1
135,2,3,4,0,0,1
136,4,2,4,0,0,2
137,1,4,5,0,0,1
138,9,13,31,16,0,2
139,8,29,30,0,0,1
140,3,1,22,20,0,1
141,5,2,2,0,0,0
142,2,12,13,1,0,1
143,3,14,20,5,0,1
144,4,6,16,6,1,2
145,4,2,21,17,0,2
146,2,2,15,11,0,2
147,2,11,12,0,1,0
148,3,34,68,34,0,1
149,18,28,53,37,0,1
150,1,13,14,1,0,1
151,2,12,13,3,0,0
152,2,5,5,0,0,1
153,5,5,10,1,0,2
154,10,26,54,71,0,1
155,2,1,2,0,0,0
156,3,1,12,4,0,1
157,2,2,4,0,0,1
158,2,4,5,4,0,0
159,3,2,3,1,0,1
160,3,2,3,0,0,0
161,1,0,4,3,1,1
162,5,6,13,7,0,1
163,4,6,7,0,0,1
164,2,11,31,21,0,2
165,2,1,26,0,0,1
166,1,11,13,0,0,1
167,3,2,3,0,0,1
168,1,2,9,5,0,1
169,2,10,11,0,0,1
170,1,13,14,0,0,1
171,4,3,16,22,0,1
172,3,3,7,2,0,1
173,3,8,21,14,4,2
174,1,5,5,0,0,0
175,5,6,18,16,0,1
176,1,0,2,0,0,1
177,7,10,63,5,0,1
178,3,4,5,0,0,1
179,1,12,14,1,11,1
180,3,6,15,7,0,2
181,1,9,13,6,0,1
182,1,0,2,1,0,1
183,2,10,13,3,0,0
184,1,2,2,0,0,1
185,3,14,25,11,0,1
186,3,3,20,15,0,1
187,1,4,6,1,0,1
188,1,0,4,3,0,1
189,3,1,21,21,0,0
190,1,0,3,0,0,1
191,1,0,2,2,0,1
192,3,5,9,4,0,1
193,1,2,3,20,0,0
194,2,4,4,0,0,0
195,1,1,9,7,0,2
196,4,6,22,9,6,3
197,2,23,24,0,0,1
198,4,5,13,11,0,1
199,2,8,10,0,0,2
200,2,9,9,7,0,1
201,3,66,71,4,0,2
202,1,0,2,0,0,0
203,4,34,52,20,0,2
204,5,5,15,12,0,1
205,3,5,7,0,0,1
206,1,3,4,2,0,1
207,1,5,8,2,0,1
208,3,4,20,16,0,1
209,1,1,3,0,1,1
210,7,12,38,23,0,2
211,4,9,15,59,0,1
212,2,2,7,4,0,1
213,1,0,0,3,0,0
214,4,3,8,2,0,2
215,1,0,8,7,0,2
216,1,5,15,12,0,1
217,5,4,5,0,0,0
218,3,16,19,3,0,1
219,2,4,4,0,0,1
220,1,0,1,12,0,0
221,1,0,5,4,0,1
222,6,5,9,5,0,2
223,3,2,11,8,0,1
224,1,0,7,6,0,0
225,7,7,46,39,0,1
226,3,0,14,13,0,0
227,2,4,8,2,0,1
228,2,4,5,0,0,1
229,1,2,5,4,0,1
230,1,0,18,11,0,0
231,12,27,73,36,7,2
232,6,1,23,17,0,3
233,4,1,1,0,0,0
234,3,0,2,10,0,0
235,5,6,8,2,0,1
236,3,1,2,0,0,0
237,2,3,11,7,0,1
238,1,4,10,6,0,0
239,3,3,34,22,0,2
240,1,8,12,4,0,1
241,2,2,3,2,0,1
242,1,0,0,33,0,0
243,2,1,3,0,0,1
244,1,30,34,9,0,1
245,6,2,32,13,0,0
246,2,2,28,64,0,0
247,3,3,7,2,0,2
248,7,5,30,24,0,0
249,1,4,5,2,0,0
250,1,0,3,2,2,1
251,1,3,6,1,0,1
252,1,8,9,1,0,1
253,4,62,65,11,0,2
254,1,9,22,12,0,0
255,5,1,12,9,0,1
256,3,3,6,2,0,1
257,3,2,2,0,0,0
258,4,0,9,21,0,1
259,1,0,2,1,0,0
260,2,2,4,4,0,1
261,1,5,6,3,0,1
262,7,3,3,0,0,1
263,2,10,24,16,0,1
264,1,3,5,2,0,0
265,3,1,2,0,0,1
266,2,1,3,1,0,1
267,1,15,16,0,0,1
268,3,6,7,13,0,1
269,3,8,11,2,0,1
270,4,9,10,0,0,0
271,5,1,3,0,0,0
272,1,10,9,0,0,1
273,3,3,5,1,0,1
274,2,24,25,0,0,1
275,1,10,15,5,0,1
276,1,2,2,0,0,2
277,3,2,21,45,0,1
278,1,2,14,11,0,1
279,1,9,20,10,0,0
280,1,0,12,11,1,0
281,4,41,57,30,0,1
282,12,1,14,12,0,0
283,4,2,5,0,0,1
284,2,10,12,1,0,0
285,1,7,18,15,4,1
286,2,26,35,9,0,3
287,3,1,13,10,0,1
288,2,2,4,1,0,1
289,1,7,16,8,0,1
290,2,2,5,2,0,1
291,1,3,6,2,0,1
292,3,6,7,11,0,1
293,4,8,11,1,0,1
294,2,4,9,4,0,1
295,1,0,9,5,0,1
296,2,4,8,2,0,2
297,1,2,3,1,0,1
298,4,1,3,2,0,2
299,3,5,5,1,0,1
300,2,8,8,0,1,1
301,1,6,17,14,0,1
302,4,2,17,19,0,1
303,1,5,6,1,0,1
304,2,8,8,0,0,1
305,1,2,10,7,0,0
306,8,21,60,38,0,2
307,2,4,17,10,0,1
308,2,5,12,6,0,0
309,2,11,12,1,0,1
310,4,24,59,41,0,1
311,2,3,4,1,0,1
312,2,3,5,0,0,1
313,4,15,23,15,0,1
314,5,29,34,26,0,1
315,2,4,10,5,0,1
316,5,11,35,19,0,2
317,1,1,7,9,0,1
318,1,1,23,21,0,0
319,1,3,5,0,0,1
320,6,16,18,5,1,2
321,1,6,8,0,0,1
322,3,4,16,31,0,0
323,1,10,13,2,0,1
324,1,1,5,2,0,2
325,5,6,11,12,0,1
326,2,1,1,0,1,1
327,6,1,27,23,0,1
328,1,10,11,0,1,0
329,3,10,12,0,0,0
330,2,1,3,0,1,0
331,1,1,12,10,0,1
332,2,2,37,1,0,1
333,6,64,84,50,0,2
334,4,0,18,11,0,0
335,1,4,9,6,0,0
336,1,6,7,0,0,1
337,2,2,3,1,0,1
338,2,4,8,1,0,2
339,2,5,8,2,0,2
340,2,1,5,3,0,1
341,2,1,2,1,0,1
342,2,0,1,0,1,0
343,4,0,2,2,0,1
344,1,6,12,6,0,1
345,4,17,45,23,0,1
346,2,0,6,1,0,1
347,2,13,14,3,0,1
348,7,10,11,6,0,1
349,1,13,15,0,1,1
350,3,1,4,1,0,1
351,2,50,52,4,0,1
352,5,36,37,0,0,1
353,2,10,13,2,0,0
354,2,0,5,3,0,2
355,4,21,30,10,0,1
356,1,2,4,11,0,1
357,4,1,4,1,0,2
358,5,18,42,22,2,0
359,2,5,28,21,0,1
360,2,4,23,18,0,1
361,1,1,5,0,0,0
362,3,22,23,1,0,1
363,2,4,3,2,0,0
364,1,2,8,5,0,1
365,2,1,2,0,5,1
366,1,2,4,0,1,1
367,2,3,6,2,0,1
368,5,4,6,1,0,1
369,15,5,18,31,0,10
370,2,8,10,1,0,1
371,2,1,7,5,0,1
372,2,2,2,0,0,0
373,2,7,9,1,0,0
374,1,2,4,1,0,1
375,11,5,16,7,0,7
376,4,1,3,0,0,2
377,1,1,25,0,0,1
378,4,14,17,1,0,2
379,3,0,9,8,0,1
380,1,4,6,2,0,2
381,9,26,39,18,0,1
382,4,54,69,17,0,1
383,5,2,5,3,0,1
384,1,1,5,3,0,1
385,1,11,11,6,0,0
386,1,0,3,2,0,3
387,4,34,38,3,0,1
388,2,3,25,21,0,0
389,1,0,13,12,0,0
390,1,8,8,0,0,1
391,1,11,12,0,0,1
392,2,1,4,2,0,1
393,2,3,17,1,0,1
394,2,7,10,14,0,2
395,3,1,9,7,0,1
396,1,0,1,1,1,1
397,2,25,34,8,3,1
398,2,1,17,15,0,0
399,2,27,35,5,8,1
400,11,19,74,18,0,4
401,6,9,41,30,0,1
402,1,6,6,2,6,2
403,2,6,11,5,0,1
404,3,5,14,8,0,1
405,1,2,3,4,0,1
406,4,3,5,0,0,2
407,3,3,15,8,0,1
408,1,4,7,3,0,1
409,3,0,2,0,0,1
410,3,11,28,17,0,1
411,7,13,34,27,0,2
412,1,7,8,3,0,1
413,2,0,8,7,0,0
414,1,12,16,4,0,1
415,1,2,15,12,0,1
416,4,1,5,38,0,1
417,4,2,10,7,0,1
418,2,3,5,1,1,1
419,1,6,10,4,0,1
420,3,3,2,5,0,0
421,2,5,7,4,0,1
422,2,5,8,2,0,1
423,1,24,24,0,0,1
424,6,2,14,9,0,2
425,1,7,8,0,1,0
426,4,5,9,1,0,1
427,2,9,9,0,0,1
428,8,2,3,1,0,1
429,1,7,9,3,0,1
430,4,4,8,4,1,1
431,3,2,8,5,0,1
432,1,0,19,18,0,1
433,3,22,30,6,1,2
434,2,8,10,0,0,1
435,2,1,6,4,0,0
436,2,4,6,1,0,1
437,5,10,21,7,0,1
438,3,3,3,82,0,0
439,3,4,6,1,0,1
440,5,6,12,11,0,2
441,1,17,17,0,0,1
442,1,0,50,49,0,1
443,3,4,5,25,0,1
444,1,0,20,19,0,0
445,2,2,11,5,1,0
446,1,1,3,2,0,0
447,2,2,4,0,0,0
448,2,14,14,6,0,2
449,1,5,6,0,2,1
450,4,5,8,2,0,2
451,17,15,76,62,0,2
452,2,2,4,1,0,0
453,4,0,2,0,0,1
454,4,9,23,15,0,1
455,2,14,19,0,0,1
456,4,1,7,4,0,1
457,1,18,19,2,0,1
458,3,6,12,5,0,1
459,2,0,28,16,0,0
460,3,4,9,12,0,2
461,1,7,12,4,0,1
462,2,2,11,8,0,1
463,2,3,57,2,0,1
464,1,0,2,11,0,1
465,1,4,9,3,0,1
466,1,2,17,14,0,1
467,2,13,59,10,0,0
468,2,1,1,0,0,1
469,4,17,19,1,0,1
470,7,24,26,2,0,1
471,2,2,6,3,0,1
472,1,0,1,6,0,1
473,2,5,6,0,0,1
474,4,43,165,3,0,0
475,2,4,28,23,2,1
476,4,7,192,47,0,2
477,2,21,22,0,0,1
478,2,0,9,8,0,1
479,3,17,19,1,1,1
480,1,3,5,8,0,1
481,1,1,0,0,0,0
482,3,6,9,3,0,1
483,1,0,24,22,0,0
484,3,4,17,13,0,0
485,9,20,76,62,0,3
486,1,3,3,0,0,0
487,4,5,6,1,0,1
488,1,3,6,3,0,0
489,2,3,7,3,1,1
490,5,22,21,16,0,2
491,1,3,5,4,0,1
492,2,3,5,2,0,1
493,3,34,43,21,0,2
494,2,3,2,0,0,1
495,2,11,13,0,0,2
496,2,3,3,5,0,1
497,2,8,33,22,0,2
498,2,6,39,32,0,1
499,3,3,13,13,0,1
500,6,59,65,11,0,1
501,2,13,38,29,0,1
502,2,6,9,1,0,1
503,2,0,6,0,0,1
504,1,6,6,5,0,0
505,1,11,14,2,0,1
506,4,3,4,1,0,1
507,2,2,10,8,0,0
508,4,28,29,1,0,1
509,3,2,8,7,0,1
510,1,6,7,7,2,1
511,2,3,5,1,0,1
512,6,4,49,49,0,0
513,6,13,21,11,0,1
514,4,6,25,30,0,1
515,3,3,3,0,0,0
516,2,1,7,7,0,1
517,1,1,10,8,0,1
518,2,0,12,10,0,1
519,2,4,5,1,0,1
520,1,0,10,7,0,0
521,1,0,7,6,0,1
522,1,0,1,0,1,1
523,1,0,12,12,0,0
524,6,3,6,1,0,1
525,4,3,4,169,0,1
526,3,10,15,4,0,1
527,3,6,10,3,0,1
528,1,0,1,3,0,1
529,2,7,9,0,0,2
530,2,5,68,61,0,2
531,4,14,18,33,0,1
532,2,1,4,3,0,0
533,1,1,7,5,0,1
534,2,73,74,0,0,1
535,4,2,10,8,0,0
536,7,5,11,11,0,2
537,5,2,21,17,0,1
538,1,0,17,16,0,0
539,7,8,26,17,0,1
540,6,7,29,21,0,5
541,3,8,10,0,0,2
542,7,4,49,51,0,1
543,6,3,13,5,3,4
544,1,2,3,2,0,1
545,2,2,11,11,0,0
546,3,3,7,3,0,3
547,3,0,11,10,0,0
548,3,1,3,0,0,2
549,2,16,20,3,0,1
550,2,1,3,0,0,0
551,1,3,20,24,0,0
552,1,1,7,5,0,2
553,7,11,23,11,0,2
554,1,0,3,2,0,0
555,1,9,10,0,0,1
556,3,3,10,6,0,1
557,2,19,20,0,1,1
558,5,0,1,0,0,1
559,3,13,18,4,0,1
560,1,6,8,0,2,0
561,3,5,5,1,1,2
562,1,2,4,3,0,0
563,2,1,8,7,0,0
564,4,2,4,0,0,1
565,3,3,5,3,0,0
566,3,1,1,0,0,0
567,2,2,36,34,0,0
568,2,0,2,1,0,1
569,4,22,36,13,2,2
570,2,2,6,4,0,0
571,1,0,32,31,0,1
572,1,5,7,2,0,1
573,4,9,68,19,0,2
574,5,2,4,2,0,0
575,3,6,7,0,0,1
576,8,25,38,21,0,4
577,2,2,3,0,0,0
578,4,9,21,11,0,1
579,3,1,1,0,0,1
580,6,2,9,21,0,0
581,3,1,5,3,0,1
582,1,2,3,0,0,0
583,5,8,14,4,0,1
584,6,13,19,15,0,3
585,3,6,9,19,0,0
586,1,0,10,0,0,1
587,6,2,19,16,0,1
588,2,2,5,1,0,2
589,3,17,24,7,0,1
590,1,2,2,0,0,0
591,6,12,35,32,1,1
592,1,1,3,1,0,1
593,3,18,17,0,0,0
594,2,1,1,27,0,0
595,2,0,4,7,0,0
596,2,2,4,2,0,1
597,2,0,5,4,1,1
598,5,8,9,2,0,1
599,1,11,35,26,0,0
600,4,3,12,8,0,1
601,1,2,5,2,0,1
602,12,17,79,72,0,5
603,1,2,5,2,2,1
604,1,3,4,0,0,0
605,6,21,23,6,0,0
606,2,4,12,5,0,0
607,2,11,19,10,0,1
608,10,10,24,11,0,3
609,3,0,1,0,1,1
610,2,0,1,0,0,2
611,1,12,14,3,0,1
612,1,15,17,1,0,1
613,1,1,1,1,0,1
614,4,12,23,10,0,1
615,8,25,44,36,0,3
616,1,1,7,5,0,0
617,2,4,7,1,0,2
618,3,13,18,7,0,1
619,7,16,33,16,0,3
620,6,4,29,21,2,1
621,14,6,17,8,0,5
622,2,5,6,2,0,2
623,3,1,8,6,0,1
624,7,1,1,0,0,0
625,9,22,23,0,0,1
626,5,0,6,0,0,1
627,3,3,25,20,0,1
628,4,0,3,1,0,1
629,1,0,8,5,0,0
630,3,1,2,1,0,0
631,3,0,4,2,0,1
632,3,10,44,36,0,0
633,2,3,21,17,0,3
634,5,2,4,1,0,2
635,1,22,25,0,0,1
636,2,1,2,0,3,1
637,5,8,9,8,8,1
638,7,5,234,28,0,1
639,5,6,11,3,0,3
640,2,1,6,4,0,1
641,2,3,7,3,0,2
642,5,0,4,2,0,1
643,1,9,10,2,0,1
644,3,20,19,8,0,1
645,2,0,4,2,0,1
646,2,2,20,14,0,2
647,3,7,11,0,0,1
648,4,10,13,7,0,1
649,3,13,24,9,0,1
650,5,7,14,24,0,1
651,3,1,4,2,0,1
652,2,16,49,36,0,1
653,7,31,54,21,1,5
654,2,0,2,0,2,2
655,3,4,6,24,0,1
656,1,1,8,11,0,3
657,3,6,21,14,0,0
658,9,1,6,1,0,0
659,2,0,3,7,0,2
660,1,2,3,0,1,1
661,2,2,5,3,3,1
662,4,3,4,0,0,1
663,4,14,17,11,0,1
664,2,3,9,5,0,0
665,2,7,9,0,2,2
666,3,2,3,22,0,0
667,1,1,4,1,0,0
668,3,1,10,6,0,0
669,8,0,0,100,0,0
670,1,6,9,2,0,1
671,1,4,5,6,0,0
672,3,1,34,31,0,1
673,3,1,2,7,0,1
674,2,0,12,11,0,0
675,2,2,19,16,0,0
676,1,1,5,3,0,2
677,4,3,6,33,0,1
678,1,25,28,3,0,1
679,2,3,3,90,0,0
680,1,5,6,0,0,0
681,2,5,6,1,0,1
682,5,9,24,15,0,3
683,4,4,6,4,0,0
684,6,0,1,0,0,1
685,1,11,13,1,14,1
686,3,3,6,1,0,1
687,1,8,9,0,0,1
688,3,4,20,27,0,0
689,2,2,2,91,0,0
690,3,15,28,26,0,1
691,2,0,9,6,0,2
692,5,6,22,27,0,1
693,1,13,15,2,0,1
694,3,3,42,32,2,2
